agent,mean_reward,total_reward,cumulative_regret,uplift_vs_random_pct
enhanced,1421.73,42651900.0,6422959.558157028,129.29403163202772
baseline,1140.1466666666668,34204400.0,14007090.361859683,83.88078316685844
random,620.0466666666666,18601400.0,30269431.627332523,0.0
